id,happiness
8001,3.915867819888096
8002,3.2399674161884513
8003,3.4513940973888886
8004,4.423387241987024
8005,3.52975441082148
8006,4.109935735274076
8007,3.8326895390696776
8008,4.39976791846287
8009,3.9215236872052848
8010,3.3719040682366614
8011,3.217951798902751
8012,3.8274280972571106
8013,3.903490901753573
8014,3.5967049328229703
8015,3.7163185260268556
8016,4.457696557930941
8017,3.6367405393023944
8018,4.517743128536918
8019,3.7614269284136523
8020,3.9840858403807267
8021,3.9725075953611952
8022,3.8283704673120242
8023,3.6914629728024106
8024,3.3356599317758757
8025,3.5372008742419667
8026,4.073100401089154
8027,4.322298380703511
8028,3.9719525125032216
8029,4.123061696778409
8030,4.282963236139283
8031,3.9946313843900385
8032,3.9262707749889754
8033,4.022645882889316
8034,3.2298942526402072
8035,3.4700946717463124
8036,4.644944539136833
8037,3.9170445351350844
8038,4.141693783039394
8039,3.4814853881547068
8040,4.381548776669033
8041,4.370837541096445
8042,3.738668990803798
8043,3.855696053402903
8044,3.932537465365665
8045,4.350125631524702
8046,3.9533637614480406
8047,4.198234933707189
8048,4.231862192665263
8049,3.9157295674370753
8050,4.62791228860052
8051,3.9230775440309746
8052,4.286713163292101
8053,3.0539119303455475
8054,3.8433178826716
8055,4.052237593320846
8056,3.3011168927386545
8057,3.8736011470176632
8058,3.084827360390385
8059,3.1371594156706073
8060,4.235461093164614
8061,3.325391167002039
8062,3.662991938269062
8063,3.7519509888229714
8064,4.080638707769892
8065,4.21119908011659
8066,4.24701457993986
8067,3.8668577151615517
8068,3.880510553700189
8069,3.4572879506986713
8070,3.704966308006401
8071,3.6886287924650043
8072,4.282135342849518
8073,3.7933385987567347
8074,4.089889194418
8075,3.630599617311133
8076,3.8001205219032026
8077,3.3983117157869835
8078,3.471636515937908
8079,4.633069077206146
8080,4.250991553876281
8081,4.11091407395571
8082,3.972210175457701
8083,4.344198502285524
8084,4.541376988561729
8085,4.536126102968804
8086,4.031245088026249
8087,3.9002670858150004
8088,4.275300921619349
8089,3.832980035198373
8090,3.8309775354208853
8091,4.382282370768732
8092,3.723110389085354
8093,4.283727863557514
8094,4.061393044574654
8095,4.792358681411697
8096,3.661880614694013
8097,4.362991809556385
8098,4.141876564348725
8099,3.6359439568731635
8100,3.81563291455131
8101,4.031814407533765
8102,4.293763238804096
8103,3.689566269533878
8104,4.665487784883746
8105,4.014138598821983
8106,4.101265266435928
8107,4.198885327426036
8108,4.044443755691427
8109,3.821823729085647
8110,3.810810440184858
8111,4.357625027556831
8112,3.5910227518198887
8113,3.8398708269192197
8114,4.185340184630775
8115,3.937861216627057
8116,3.9033871480268867
8117,3.8759333249083743
8118,3.6713312847863913
8119,3.854875901748386
8120,4.485552717505921
8121,3.2434926361733383
8122,4.226823674090208
8123,3.7824100343862144
8124,3.5302105491247904
8125,4.367803898926717
8126,4.530540388275025
8127,3.0175528797880125
8128,4.099506282925376
8129,3.895775648398922
8130,3.9531911925659444
8131,4.006020202969189
8132,4.015322314323497
8133,4.210555768447633
8134,4.380646421370986
8135,4.034829261009423
8136,4.419016387158924
8137,4.117569801134914
8138,3.494416935284827
8139,4.165815482570953
8140,3.5210118771206997
8141,3.898836388634575
8142,3.93572904183553
8143,4.162050105071028
8144,3.8678281604525666
8145,4.307405068298287
8146,2.860871957716349
8147,3.862625127845177
8148,2.842893465565824
8149,3.726460250052329
8150,3.570191765790454
8151,3.1416258906718473
8152,4.1036760098428156
8153,3.6559611351253976
8154,4.123621427413259
8155,3.9135165887869463
8156,3.8738348258102135
8157,3.8356358809831606
8158,3.1415138878948223
8159,4.309229161218921
8160,4.300150766746067
8161,3.2901141477768174
8162,3.743018377078788
8163,3.7617542551192202
8164,4.249573578606828
8165,4.032462790542012
8166,4.09465738444737
8167,3.8576765455036193
8168,3.3418472257357013
8169,3.668503162366287
8170,4.12422706498489
8171,3.9306117707723556
8172,3.823014339496577
8173,3.5554297665798122
8174,3.9300207914492913
8175,3.877708091406553
8176,4.254407332825688
8177,2.6920908577675755
8178,3.886362472048074
8179,4.35770041130052
8180,3.3651020881197327
8181,3.9089816667790256
8182,3.8744783412495996
8183,3.8995264148809845
8184,4.045382871439241
8185,3.260903824308476
8186,3.3619544473749574
8187,4.1607096243212665
8188,3.999143040008636
8189,3.9202395812705695
8190,4.213493573626988
8191,3.9221633777091234
8192,3.9673729707053735
8193,3.9243227072784164
8194,4.215085422444706
8195,4.760138253665934
8196,3.3626800872081213
8197,3.6549765743854863
8198,3.925884685961184
8199,4.147412802139079
8200,4.9527440090025445
8201,3.4340125995983977
8202,4.328201120877635
8203,3.9627259022927155
8204,4.306330224596398
8205,4.02694896051847
8206,3.8303948120064715
8207,3.982761799128694
8208,3.920040588120842
8209,3.9660740875570935
8210,3.987378402904489
8211,3.7673461438843785
8212,4.152225927611793
8213,4.471340154961195
8214,4.086438229557707
8215,3.9228812590123305
8216,3.8003016874674143
8217,3.5964295919429365
8218,3.7288449123075553
8219,3.7442528663691506
8220,4.170214836815831
8221,4.692887817391248
8222,3.6663566130331486
8223,3.6167215717315937
8224,3.965751543591822
8225,4.277151295056986
8226,3.841693754872306
8227,4.358074877129308
8228,3.33506268561349
8229,4.229440822078095
8230,3.530602012903264
8231,3.650198675393148
8232,3.809069987917505
8233,3.827714573274175
8234,3.961401247084869
8235,3.9546247945298765
8236,3.41571184737351
8237,3.549781624818586
8238,3.944728718527427
8239,3.553205010043342
8240,3.319999929249186
8241,3.6928693106297583
8242,4.043350120543954
8243,4.454021218542796
8244,3.9688937761398697
8245,3.654761283121125
8246,3.9492999007149603
8247,3.896800783286945
8248,4.221081118652709
8249,4.2082895604504325
8250,3.905182041910036
8251,4.364815985053541
8252,4.535776958627958
8253,3.7444853842683905
8254,3.6793314347569908
8255,3.6172582834869758
8256,3.9067905295808334
8257,3.991389056923901
8258,2.9986859390798424
8259,4.137329247990684
8260,4.1084704922577355
8261,4.513252503045336
8262,3.922205147539904
8263,4.061640770253008
8264,3.9161953583187663
8265,3.9946114408287854
8266,3.4793385415860723
8267,3.725108335972343
8268,3.850953760047795
8269,3.53735595097442
8270,3.678528601255692
8271,3.4273709119022717
8272,4.2028516464715295
8273,3.6138395730791513
8274,3.7764442312644797
8275,4.15253677561477
8276,4.219541598824979
8277,3.8031601472868353
8278,4.034465909676491
8279,4.007507418002782
8280,4.407054105782116
8281,4.083716822195408
8282,4.21245214471892
8283,3.9296804324932846
8284,4.277266458677029
8285,4.040013030279962
8286,2.523268573988948
8287,4.652440489456644
8288,3.813584878253598
8289,4.0221476717724
8290,4.003616180734373
8291,3.9531934900177284
8292,4.136689528784248
8293,3.6917196398355916
8294,4.565692567327211
8295,3.355764263463785
8296,4.1299785976171695
8297,3.438647978390689
8298,4.668532840656209
8299,3.1976839039136076
8300,3.2424165264703886
8301,3.885179288239267
8302,4.370018541894288
8303,3.374380663084487
8304,3.92426243415099
8305,3.932597480054853
8306,4.634201107881731
8307,3.98924597337493
8308,4.232001195641315
8309,3.759407429005696
8310,3.4511110512480236
8311,4.471766798361536
8312,4.533992880686951
8313,4.226139559330072
8314,3.3015332802531834
8315,4.298751452031023
8316,4.036309624041161
8317,3.5685297635538524
8318,4.333039829032391
8319,3.1509593149629374
8320,4.046044764314274
8321,4.138283069843118
8322,4.271519605274317
8323,4.101219726906833
8324,3.5554305385155507
8325,4.212509383618745
8326,4.370311167578994
8327,3.399047209658279
8328,4.3081507673664445
8329,3.163769441355207
8330,4.211566098057072
8331,4.8282362004423485
8332,3.810418351503055
8333,3.4713134006796342
8334,4.136794513705527
8335,3.4181484662146526
8336,4.156003001656313
8337,3.4147621478523775
8338,4.295078027607942
8339,3.6961339635124224
8340,3.523828970619595
8341,4.075463727678934
8342,3.7779328578963685
8343,3.251859311609774
8344,4.328398720293535
8345,3.745712847256117
8346,3.245023538127073
8347,3.2016682496846447
8348,4.103783458032553
8349,3.9533692435899876
8350,3.472657979832426
8351,4.3494480923745416
8352,3.497825313847196
8353,3.5235004712578957
8354,4.336513493349623
8355,3.556688622528882
8356,3.887570179625527
8357,3.7238358218553618
8358,3.9556261784577957
8359,3.9061876471330406
8360,4.084270507602227
8361,3.966158178886363
8362,4.1421727800838966
8363,3.7422773564383314
8364,3.1137135395996594
8365,3.899837937468559
8366,3.6215790103132015
8367,4.227523804306624
8368,4.314120881654928
8369,3.0970733081056356
8370,3.475832021095617
8371,4.096023999685436
8372,3.610286004761643
8373,2.816059223974972
8374,3.525358686461251
8375,4.226637076229865
8376,4.647669631347868
8377,4.0688601484845695
8378,3.833341351403785
8379,4.129698443999586
8380,3.3358380144381985
8381,4.430569419101182
8382,3.681539013579606
8383,4.62119320394274
8384,3.600540319072425
8385,4.020647143517233
8386,4.143255244035418
8387,4.098856783980159
8388,4.201444159554859
8389,3.5490066505920472
8390,4.059468024133261
8391,3.697170776842793
8392,3.4653383366855883
8393,4.321790150343874
8394,4.1092856268063125
8395,3.9982296870967926
8396,3.8019233291248846
8397,3.847004829684117
8398,3.66346013481224
8399,4.157526015845853
8400,3.846347368177866
8401,4.716587124036485
8402,3.78979828595857
8403,4.2993469329236405
8404,3.9172571638865583
8405,4.742250685280953
8406,4.320234784025262
8407,4.0029658663544865
8408,4.537460051603978
8409,4.072044906956063
8410,4.130451657169089
8411,3.9665855213243204
8412,3.326992455774887
8413,4.063022239568238
8414,4.396423646748999
8415,3.368221451712313
8416,3.9374981710937536
8417,4.080758505370679
8418,4.358694090798993
8419,3.371190616711238
8420,3.8115378423921973
8421,3.9462985050406147
8422,4.033710438056717
8423,3.992294537811943
8424,3.4661714840025724
8425,4.074736322607792
8426,4.108141257105126
8427,3.6298947055292983
8428,4.204736184321128
8429,3.6773488831281473
8430,4.230896310004486
8431,4.106588759875024
8432,4.122162899532684
8433,3.976386523779386
8434,4.358223179069811
8435,3.8929363693601218
8436,3.6762452266578025
8437,4.1640409575993695
8438,3.813674366032965
8439,3.282213290246776
8440,3.1359973351310693
8441,4.070183561843809
8442,3.9728458923275483
8443,4.334505918565786
8444,4.19124602997836
8445,3.4807264262669637
8446,3.4245277350796766
8447,3.419361049574881
8448,3.723632217533193
8449,3.5455404104246884
8450,3.4405126985267405
8451,3.1012791664374615
8452,2.907623012888508
8453,4.196332841066089
8454,4.174081713827133
8455,3.6622358348683943
8456,3.896635297871797
8457,3.9755050215067746
8458,4.092126877416536
8459,4.370846862813037
8460,3.715726726253162
8461,3.941047884977638
8462,3.469048390527378
8463,4.04333006515968
8464,3.5038565873749397
8465,3.6713538488298587
8466,4.544398570065157
8467,2.6953259529031612
8468,3.6138615236542773
8469,4.269320268495466
8470,3.8160726775128415
8471,3.901658617202484
8472,4.328087129311337
8473,3.853915603554077
8474,4.198626151215955
8475,3.9582758872985853
8476,4.125832464483043
8477,4.160292409740923
8478,3.636319153605331
8479,4.161835014959626
8480,3.1570845671784595
8481,4.23153307540401
8482,3.4138279879361884
8483,3.594384615562029
8484,4.507068265898528
8485,3.8553864065989694
8486,4.971489777315027
8487,4.274408376178388
8488,3.7698815731147945
8489,4.31294794143432
8490,4.36742195556502
8491,4.0405834937878
8492,4.230395340993471
8493,3.8661222551109584
8494,3.58190957896625
8495,4.177314690330405
8496,4.622623310205866
8497,2.8997301638005903
8498,3.2874299080154326
8499,4.614465295162749
8500,3.6432248270614136
8501,3.8095247169190984
8502,2.908459003980565
8503,4.042211608069726
8504,3.489474245957789
8505,2.8240761932850225
8506,3.7117299360221963
8507,4.115273823133491
8508,3.411474474424501
8509,4.536657958994171
8510,3.851785445455956
8511,3.9839569310450833
8512,4.2619309095819675
8513,3.787666550114872
8514,4.28007331573445
8515,3.435472103572512
8516,3.390292052542701
8517,3.205270028343726
8518,3.2330310423692
8519,3.9148385997394612
8520,4.159880445366196
8521,4.0431109490188355
8522,3.0193644301793956
8523,3.639288217833225
8524,3.9072977611709443
8525,3.847014010311199
8526,4.523234501743871
8527,4.060777800225519
8528,3.4335747218429304
8529,3.6066017561937924
8530,4.445914112495148
8531,3.8961214790324377
8532,3.9723361262205747
8533,3.8486751150325857
8534,4.227511066124221
8535,4.133107248689441
8536,3.7052712567216117
8537,3.8555777731339855
8538,3.986832244926494
8539,4.022224528494477
8540,3.941886249556904
8541,4.259595114425787
8542,3.3594982739498627
8543,3.674197652402366
8544,3.997195867940323
8545,4.330714914578949
8546,4.3259142544591
8547,3.7109112254032457
8548,4.065815099974854
8549,3.0173206084967563
8550,3.955130845869542
8551,4.150964662608785
8552,4.18648391291501
8553,4.419702406380608
8554,3.6189282241468805
8555,4.11770401707839
8556,4.0909675056711245
8557,3.741100940215302
8558,3.4787982537584905
8559,3.898434385862601
8560,3.2885672152463665
8561,4.1174730339627565
8562,4.3882501022320595
8563,3.4543569620081365
8564,4.199844602298561
8565,4.319593512361282
8566,4.226710300790203
8567,4.133105194761586
8568,3.0103032297274273
8569,2.7705018386638582
8570,4.311336287503149
8571,3.8746321527030245
8572,2.8726749336027244
8573,2.590507814608964
8574,3.592131446561789
8575,4.158254071904276
8576,4.04972423818889
8577,3.9529254810021697
8578,3.9261814522815865
8579,4.302662949787761
8580,4.235563835059024
8581,4.091557488109476
8582,3.900143744660457
8583,4.399519692307753
8584,3.9125992965795082
8585,3.9814872217769097
8586,4.260659036546776
8587,3.904154656407618
8588,4.617894647255506
8589,4.55197507236698
8590,4.017264738720592
8591,4.133082850665981
8592,4.038253750256875
8593,3.9152145884983156
8594,3.9254371754565582
8595,2.907258830636829
8596,4.106114656818072
8597,3.6187892470507266
8598,3.9514587406013657
8599,4.030421840539182
8600,3.9926295919755423
8601,3.1608115896729285
8602,3.2454481063621166
8603,3.637366112795419
8604,3.3877466854815252
8605,3.4685018192645667
8606,3.8909163484967597
8607,3.9654604237868574
8608,3.8220381793264493
8609,4.354235951541335
8610,3.1172648436716353
8611,4.598247841706351
8612,3.709154388123742
8613,3.3825290300428517
8614,3.614659918867404
8615,4.30175602654084
8616,4.602635582707063
8617,3.7016891610086264
8618,3.8602370584512897
8619,4.315808932984983
8620,4.274131219690329
8621,2.9083773348630517
8622,4.306136003191039
8623,4.484746658823296
8624,3.3336287394809427
8625,3.042529606412232
8626,4.259389712929024
8627,4.445636451483373
8628,4.037956527553039
8629,4.0921282914583665
8630,4.191314153444303
8631,3.8826871412414
8632,3.048799635532171
8633,3.683042959852968
8634,3.64701912682039
8635,3.3911547079735556
8636,3.6858581891458617
8637,3.308898845880933
8638,4.271143713213101
8639,3.484645431170317
8640,3.1815337741479985
8641,4.248502645743641
8642,3.205871699482731
8643,4.1890034787439925
8644,4.5180336066953615
8645,3.595196874686735
8646,3.776781710369923
8647,3.5085480875190957
8648,4.295548734692044
8649,4.526919192156882
8650,3.4152970686221034
8651,4.010870376227632
8652,2.914319562209838
8653,4.087854792012756
8654,4.459160106286168
8655,3.5854418859720076
8656,3.97430115951433
8657,4.3564552161110495
8658,3.0539324561444516
8659,3.2949036220615384
8660,4.02326852803262
8661,4.45334315230978
8662,4.1249165309918485
8663,4.175870331244375
8664,3.3594749243978725
8665,4.07313632389148
8666,4.0645957445645635
8667,4.50821002469868
8668,3.674602583259604
8669,4.059624391480853
8670,3.946378341509695
8671,3.8805722224187478
8672,4.1352546482451915
8673,2.880705801320229
8674,4.357448728570943
8675,3.574828701738962
8676,4.286543902314244
8677,3.5992629878476543
8678,3.9334497580365704
8679,4.064661863200359
8680,2.800859334917357
8681,3.638552935052051
8682,4.22577647955325
8683,4.041119006662329
8684,4.416461290957207
8685,3.8385919141690668
8686,4.116477103181543
8687,4.250093687112614
8688,4.495150900932703
8689,3.977828403972637
8690,4.114137850936231
8691,4.083199939312732
8692,4.018317204456225
8693,4.013471523678446
8694,3.1317802242477937
8695,4.0801880242974455
8696,4.217721059751713
8697,4.030033430945347
8698,3.8125889713373655
8699,3.990798068260309
8700,4.184376527514776
8701,4.381847490923406
8702,3.88536763704105
8703,4.074403837748501
8704,3.706761013802777
8705,3.6780616418604297
8706,3.541936463274923
8707,3.9842882939638615
8708,4.1431125204503
8709,3.4304032710629015
8710,4.1442581077868565
8711,3.660663452804572
8712,4.335094293439075
8713,4.305159334309856
8714,3.566134444226301
8715,4.2792148688976805
8716,3.8562228583527065
8717,4.142067029509146
8718,3.7442499038601795
8719,4.061315373241004
8720,3.7647472111567515
8721,3.351641286880228
8722,3.8678786894457637
8723,3.5958452158711895
8724,4.449026934484283
8725,2.874960413487793
8726,3.8021172846349223
8727,4.064013618275607
8728,3.427629779897019
8729,4.4958349862640095
8730,3.3426857819870937
8731,4.117431883173358
8732,4.211503164947233
8733,4.220050206942612
8734,3.9242126147538277
8735,4.0150633142116545
8736,3.5682774831619812
8737,4.434541272471206
8738,4.236044188811497
8739,4.19768413644873
8740,3.650547052133257
8741,3.5450212566651587
8742,3.8823409387953474
8743,4.094290387521861
8744,3.546383508403461
8745,4.0083197900539
8746,4.139331072795878
8747,4.273461340079082
8748,4.653771951928647
8749,3.9796713504639722
8750,4.066616560564424
8751,4.350470294759914
8752,3.7204579629264596
8753,4.162819653393114
8754,3.722648417937525
8755,4.063047272879915
8756,3.3352546489244705
8757,4.18062486915285
8758,3.9931965736144037
8759,4.30679472851476
8760,3.4220517425251744
8761,3.7793782554775843
8762,2.726430513570971
8763,3.6881897153441727
8764,4.024942823094123
8765,3.8730948911777516
8766,4.169831732595662
8767,3.59644545125373
8768,4.039113662069181
8769,4.0423570985391155
8770,3.9836843341024597
8771,4.292427713078337
8772,3.81806153215086
8773,3.838397191108891
8774,3.8453885421556473
8775,3.705782499786327
8776,3.985460205488281
8777,4.107502656659711
8778,3.5139042794784126
8779,3.5276994903642134
8780,3.758580911108475
8781,3.2833669326629717
8782,4.4445034622080914
8783,4.36397566349863
8784,4.043494874922788
8785,4.230882405869784
8786,4.215279939187264
8787,3.5083327038211274
8788,4.149911640132509
8789,3.7138777732339943
8790,3.983556389777307
8791,2.978957382481726
8792,3.3079787678311368
8793,4.212262513948982
8794,4.081214110283624
8795,4.521155129883232
8796,4.499519867377575
8797,3.1756536354617984
8798,3.8900693751781477
8799,4.281946045704483
8800,3.596470452809636
8801,4.002307380855486
8802,3.1139858880713307
8803,4.137146744772662
8804,3.736407190209801
8805,3.4670971015138305
8806,3.9840869080079098
8807,3.9358342897266385
8808,4.4737617699216194
8809,4.049121312107764
8810,4.1916354948397885
8811,2.749829349167837
8812,4.163079375124802
8813,4.896621543261488
8814,3.6104318237390243
8815,4.692944637007788
8816,3.521511339720644
8817,3.6202139670306996
8818,3.6456682794239756
8819,3.813303542312947
8820,3.1656251002419364
8821,4.119984477523386
8822,3.5908023470596993
8823,4.235944297034939
8824,3.9092810170000534
8825,3.715015962024093
8826,3.4329572699167876
8827,3.9826459134691645
8828,3.98546738730115
8829,3.072340052670915
8830,3.2776973936378346
8831,4.889318564385994
8832,3.3535784332825456
8833,4.360193154689294
8834,3.572905755550683
8835,3.9623784314108077
8836,3.299914063067796
8837,4.112432916551923
8838,3.9046416711802663
8839,3.4607989528142067
8840,4.263906846878245
8841,4.249887542722452
8842,4.649434022620627
8843,4.130209427757113
8844,4.045338708676199
8845,4.372923770116002
8846,4.5345434258385575
8847,3.5539827328762286
8848,3.3525949914044237
8849,3.0730859102586146
8850,2.8716270291567225
8851,4.102606623418341
8852,3.357370949442608
8853,4.050203379638382
8854,3.838913119121039
8855,3.1852032382437097
8856,3.696555852086022
8857,3.9612890687919067
8858,3.3031926307299435
8859,3.317374272978615
8860,3.9847741672994896
8861,3.3362226146002603
8862,3.7078446241788168
8863,4.004752467543285
8864,4.018329676057488
8865,4.364853974575423
8866,4.114916726577402
8867,3.939844855539234
8868,4.149911082724542
8869,3.351280255360238
8870,4.0936259376260695
8871,4.004596443863793
8872,4.316587835019349
8873,3.4433970866455392
8874,3.541583754029714
8875,3.460138073930676
8876,3.632470724874091
8877,4.519286294584357
8878,4.415456258700231
8879,3.7319843386137332
8880,4.077875200694739
8881,3.9367426236080387
8882,3.475472437701083
8883,3.255688727883725
8884,3.877200366341689
8885,3.9683864912851283
8886,3.183094213898118
8887,3.652583233144232
8888,4.685437244989693
8889,3.298217525360331
8890,4.086218482140838
8891,3.9390187653226234
8892,3.6512206959677993
8893,3.893802508952685
8894,3.8140423901859575
8895,4.967871735090462
8896,4.063015817631924
8897,4.103636575382803
8898,3.207307929435969
8899,4.26962729141436
8900,3.2613050681464277
8901,4.205470506353965
8902,3.18361412431613
8903,4.009045835951324
8904,3.7699518095650486
8905,3.423129486753077
8906,3.0802252559662175
8907,4.119262519911755
8908,2.5118692146486152
8909,3.6724801114400907
8910,4.351108861775302
8911,4.381595779594908
8912,4.695087339077694
8913,4.169010429348551
8914,3.99752182040742
8915,4.348282227569446
8916,3.7987225450902855
8917,3.2445073819409016
8918,4.02196813991764
8919,4.222151663225912
8920,3.63816168494329
8921,3.317430251273939
8922,4.130034435093061
8923,3.8681830547162357
8924,3.783429538436255
8925,3.593548709024317
8926,4.037795531782952
8927,4.406673700518462
8928,3.1505535843372674
8929,3.7902237521753737
8930,4.264514881539072
8931,3.6995852295560314
8932,3.8624345969395826
8933,3.130932303952685
8934,3.997245599039454
8935,3.634340659263754
8936,3.745836771410514
8937,3.441181602030333
8938,3.6955109877570114
8939,3.851978542135965
8940,3.980233477884862
8941,3.4252392002997905
8942,3.980772073490843
8943,3.595332266860714
8944,3.4817553969280657
8945,3.687083317254759
8946,3.9940088882267197
8947,3.432146916626594
8948,4.104404266647305
8949,3.800126715614954
8950,3.9767345145398063
8951,3.298485995041837
8952,4.581575208472569
8953,3.578667464007354
8954,3.6880547045884247
8955,3.602705253743324
8956,3.671906960640097
8957,4.295884484961189
8958,4.2702423149881685
8959,4.166720423635824
8960,4.235557105544836
8961,3.629338852284976
8962,4.044318341982326
8963,3.924304039134132
8964,4.187821725870673
8965,4.226881756497262
8966,4.159182688607459
8967,4.209766965302281
8968,3.8214363229139336
8969,4.584276297191537
8970,3.7851862180153817
8971,4.006294102945402
8972,2.911140313793909
8973,3.4187687773702806
8974,4.099913420109177
8975,3.7128926824468587
8976,4.059464647527849
8977,3.8371278482828393
8978,3.986224397690161
8979,4.345314628317253
8980,3.2575816478727155
8981,4.079708143454732
8982,2.896609450097792
8983,4.021605694229657
8984,3.824327693148288
8985,4.070316754537879
8986,4.367040120353745
8987,3.840925125360199
8988,4.0914627003159225
8989,4.45981455975012
8990,3.583244943936639
8991,4.0022184568494845
8992,3.9961848981045716
8993,3.5775188074311837
8994,3.6936103075177544
8995,4.107234624860531
8996,3.7575918025252535
8997,3.394349788376942
8998,3.760904184203232
8999,4.208200063870506
9000,3.878518904429204
9001,3.990799423459774
9002,4.3847464559604825
9003,4.162840760396776
9004,3.0962595305412535
9005,4.0409415653791
9006,4.367164479500109
9007,3.775641950910155
9008,3.279871906633746
9009,3.6986698626448358
9010,4.106753806739542
9011,3.864411712950762
9012,4.28568785861425
9013,3.6520247836569832
9014,3.772433129192434
9015,3.424853209545289
9016,4.42478451930497
9017,4.193720115227414
9018,3.977602992820712
9019,3.9512365660442725
9020,3.986489301724228
9021,4.124454301776169
9022,4.537564266681099
9023,3.063485251634424
9024,3.6968574674598718
9025,3.5053905855350296
9026,4.689841150382022
9027,3.5872331747308075
9028,3.7504352231372207
9029,3.7000016634195076
9030,3.59929790207778
9031,4.046717848869413
9032,4.557237070512061
9033,3.4079797878341753
9034,4.181968793013119
9035,4.221205422595563
9036,3.2470825707544213
9037,4.506733931070056
9038,4.286755613573755
9039,2.6841609025782693
9040,3.769610491431781
9041,3.781075257199193
9042,3.0607140409176936
9043,4.130209038250498
9044,3.368377107248099
9045,3.8688637985425913
9046,3.166165375610666
9047,2.9317498603964336
9048,4.320249491895752
9049,4.058353354448402
9050,4.039757235504085
9051,3.789577492751256
9052,3.514186012881651
9053,3.777717453781713
9054,3.254614561000144
9055,3.9171898905721996
9056,3.7309396996787116
9057,4.48373979624564
9058,3.798978099237638
9059,3.9066125678324832
9060,4.027338267798456
9061,3.7876929515371587
9062,3.614219660700204
9063,3.889049511987013
9064,4.003525170217967
9065,3.963808964579411
9066,3.5543449371754834
9067,3.8621646425119645
9068,4.012848551080962
9069,3.6140232589257435
9070,4.1019161117618355
9071,3.564745140538434
9072,4.070001504547183
9073,4.379474249003458
9074,3.1489654107161513
9075,3.067892542948081
9076,3.804709678314176
9077,4.280368475884705
9078,3.478587223846838
9079,3.917935526774203
9080,3.751180329008512
9081,4.3149953887273425
9082,3.399944031821197
9083,3.9642936640390167
9084,4.1454631238689945
9085,4.077876909023476
9086,3.81230731476718
9087,4.681775276282043
9088,3.1525083581609206
9089,4.393926810406129
9090,3.7892964137914853
9091,3.0946304058388647
9092,3.8731649660845813
9093,3.7594837839302904
9094,3.786927743965378
9095,4.235327305207362
9096,4.1680480370563044
9097,3.4781270774437023
9098,3.6080010285781845
9099,3.510081476964664
9100,4.330411232357223
9101,4.240667079243238
9102,4.275039314565964
9103,4.140551471463626
9104,3.53941079315101
9105,3.6034265883590044
9106,3.882519789056269
9107,3.9869515927294663
9108,4.34503348088223
9109,4.484996337813127
9110,4.010798727742705
9111,4.386894504484061
9112,3.8570507884641008
9113,4.285710861997936
9114,3.893048411688227
9115,3.7087441392053875
9116,4.354840193018035
9117,4.155694164333256
9118,4.337791632710785
9119,4.295702807534726
9120,4.288975105113818
9121,3.814516902995364
9122,4.00277195459258
9123,3.757590366983274
9124,3.811206830548984
9125,3.5181601599336694
9126,3.4106886066525695
9127,4.125721051547914
9128,3.9505585002381176
9129,3.6352907909722356
9130,2.894598303535443
9131,4.213474978162229
9132,3.432445067111454
9133,3.7811424202750734
9134,4.2199535860844914
9135,4.08783087680038
9136,4.257245802938707
9137,3.6158046357913145
9138,3.9056700811490024
9139,3.2621819430995482
9140,5.1007114998753975
9141,3.974585075262337
9142,4.319655061646652
9143,3.2675180178638383
9144,3.9324999122088964
9145,3.887339716084251
9146,4.054163541996894
9147,2.770496446344489
9148,3.444161431802597
9149,4.290050694508351
9150,3.8988989261334313
9151,4.272383584068029
9152,4.1683927581690865
9153,4.53928802955216
9154,4.111916012108123
9155,4.360798805946811
9156,4.167768117024181
9157,3.5967534573490294
9158,3.8837763811153097
9159,3.811704281867718
9160,2.6212342756546296
9161,3.1613068209144917
9162,3.986529598528902
9163,4.451362154929967
9164,4.021633026720831
9165,4.3827342708113735
9166,4.025986783121131
9167,3.785437829350967
9168,4.05400730448571
9169,4.012096392209859
9170,3.863510119035759
9171,3.229214097383168
9172,4.2992407692385495
9173,4.183049536722712
9174,3.6818334931300183
9175,4.728071895873609
9176,3.5402901988036763
9177,4.332469647953655
9178,3.3805173197148632
9179,3.799076898287751
9180,3.7904710861473414
9181,4.012802999975768
9182,2.9243753882994445
9183,4.4227172038687845
9184,3.823281452995826
9185,3.103894242776662
9186,3.802172755605872
9187,3.767831016622861
9188,3.7328431289118367
9189,4.301044735635577
9190,2.8666937883603296
9191,3.958244216197891
9192,4.0994385527937816
9193,4.358844118725901
9194,3.958600275969993
9195,3.6327090330269574
9196,3.7713158537188027
9197,3.9504251687167278
9198,3.77645654402578
9199,4.440462725026938
9200,3.3889004159473233
9201,3.509778279569683
9202,3.8429293990876383
9203,3.7602075663534293
9204,3.992134048290988
9205,3.96365997957129
9206,4.135664672709511
9207,3.4152814871043407
9208,3.8173196913766447
9209,3.876628254734044
9210,4.585531149035797
9211,3.1788044716565693
9212,3.7408970256090406
9213,3.8404511293741668
9214,3.935981952231683
9215,4.1041037432267995
9216,4.022397255031543
9217,3.7260696248898015
9218,4.256947955108176
9219,4.336442607724061
9220,3.8878392345421324
9221,4.229314892446024
9222,3.633525161757045
9223,3.8850630038800826
9224,3.243879159621577
9225,3.7955924854350287
9226,4.16246336298394
9227,2.4839768189367155
9228,3.2375333377778612
9229,3.635992761010569
9230,3.82171864859923
9231,3.6733488475999803
9232,3.9177243619415454
9233,4.409976309878035
9234,4.0106799362689065
9235,3.497055548884537
9236,4.127739421527414
9237,4.206036369602666
9238,3.893741726195755
9239,3.6209156378090985
9240,4.084341170032387
9241,4.607023414538878
9242,3.8502912793953556
9243,4.521291284812232
9244,3.6313651111912337
9245,3.486794757879785
9246,4.1061140684087025
9247,3.9343149984520487
9248,4.473738604324034
9249,3.8443666290760943
9250,4.285170060731215
9251,3.4087633785528757
9252,4.226047763312365
9253,3.498878160659101
9254,3.995208307385072
9255,4.268195452280195
9256,3.8664690413826
9257,4.04232007434967
9258,3.4463550629425836
9259,4.176602467326665
9260,3.9659416254487243
9261,3.4907952655375496
9262,3.7488261179896236
9263,3.2312912131464397
9264,3.559824539208243
9265,4.423067417144544
9266,3.6785532379931865
9267,3.752120999761018
9268,3.952800284982608
9269,3.658227685559713
9270,4.831193670975417
9271,4.3052334193359245
9272,4.3332010361508955
9273,3.557392078889737
9274,3.371305891625387
9275,4.201650763320923
9276,4.342339356861388
9277,3.6420800438948024
9278,3.3450152958084636
9279,4.238448774045673
9280,3.3753854819761737
9281,4.211823740674927
9282,4.161499400721878
9283,3.3975344570672226
9284,4.318087078120193
9285,3.5567887761448125
9286,3.504143134312533
9287,4.39848704159701
9288,2.8122728925217455
9289,3.9030773508291854
9290,3.408670090653505
9291,4.271937993771628
9292,3.468137780740922
9293,3.8329183527164483
9294,3.809055930880908
9295,2.9536092317383233
9296,4.463873771987876
9297,4.124161485377029
9298,3.677515947073514
9299,3.2707746742057524
9300,3.7782941266072614
9301,4.2601014502201195
9302,4.356175507260594
9303,4.3314158286172155
9304,3.398361922351417
9305,3.896256468985215
9306,3.8718460510662647
9307,3.9336579651320966
9308,4.446121530483439
9309,3.9695450706015922
9310,3.1725112227584176
9311,4.399920940902703
9312,3.0075121613350646
9313,4.615718605381409
9314,3.595406379304911
9315,3.5093546430554228
9316,4.109386641251192
9317,3.944433987264635
9318,3.6188867603541843
9319,4.000736310429883
9320,3.6654360884948445
9321,4.083636828182563
9322,3.89567016599237
9323,3.8867862313618597
9324,3.5192938759403445
9325,3.156808814917422
9326,3.6533759259182523
9327,4.5193770568353235
9328,3.308999910493505
9329,3.9391637316358223
9330,3.3019771185306976
9331,3.968079709042312
9332,4.318800953655823
9333,4.216528736972791
9334,3.673356792254635
9335,3.8845915769950508
9336,3.6897122734874293
9337,4.271881512482942
9338,4.046987587000596
9339,3.9591992331112396
9340,4.13568690792537
9341,2.821955524537529
9342,3.805920482317449
9343,3.4890706879958597
9344,3.5258216882487217
9345,3.6554893902383334
9346,3.758549506407417
9347,3.6468679065621203
9348,3.670600531334012
9349,3.845402732793947
9350,3.8103555623593404
9351,3.988450958231918
9352,4.065250921531155
9353,3.4687439092122374
9354,3.9621824155374425
9355,4.2534668587119775
9356,3.9821525342127426
9357,4.45594793086191
9358,3.9527922288768313
9359,3.4817226870414415
9360,2.7690799286771255
9361,4.001289158739601
9362,4.213844644966694
9363,3.92601697965247
9364,3.2181615276918114
9365,3.3442343901214486
9366,4.443602922786102
9367,4.107149080453343
9368,4.916682735204842
9369,3.972205587900406
9370,4.674638675923821
9371,3.933659106334804
9372,3.7902270056485383
9373,3.7948795039181196
9374,3.676719463218374
9375,4.240721504224507
9376,3.706453780772231
9377,4.0439258336326205
9378,3.965329738237315
9379,4.366208260806141
9380,3.794439648568699
9381,4.061484812957235
9382,4.229836382832267
9383,3.647164982490243
9384,4.043987747906985
9385,3.9118863866465294
9386,4.626180997137345
9387,4.301930198934497
9388,4.091794271231646
9389,4.482678315541701
9390,3.9005829999531616
9391,3.0655821952106814
9392,3.6855723399741773
9393,4.275306403172472
9394,3.7999002389846455
9395,3.6672229303835207
9396,3.714032117697892
9397,4.596517997839662
9398,3.205589842139131
9399,3.6738220016431318
9400,3.90828279394356
9401,3.6180741126420943
9402,3.855528748424061
9403,4.347673114462746
9404,3.7305883601120287
9405,4.364126448184592
9406,3.9994344445759977
9407,2.789642082821071
9408,4.518328895301711
9409,4.117578187817422
9410,3.839205601471701
9411,4.365833508967765
9412,3.14639086328852
9413,4.0562586936716905
9414,4.066240605831598
9415,3.900047185156926
9416,3.4055346585749184
9417,3.830116551190743
9418,4.354506123443618
9419,3.335820504065093
9420,4.206548729664491
9421,4.187377598310821
9422,3.7080523209334832
9423,3.5729817162466775
9424,3.215346110690006
9425,3.937123231054329
9426,3.486170429559848
9427,4.011201851771992
9428,3.897832726605163
9429,3.2857099715064066
9430,3.340988594903099
9431,3.3978773370108084
9432,4.030682323353928
9433,3.952877340806869
9434,3.8050167970372684
9435,3.669680988475642
9436,3.7650498609529905
9437,3.7122528981846443
9438,3.831827387563865
9439,3.9414627480798856
9440,3.453614234585147
9441,4.275051160188611
9442,3.691828208124135
9443,4.116566150250296
9444,4.07964004617867
9445,4.189921422225183
9446,4.6801164429128805
9447,3.2875273907388207
9448,3.95533755912552
9449,4.155733869137961
9450,2.99529760853698
9451,4.481046339824775
9452,4.502436894849781
9453,4.042943956835779
9454,4.061858812030681
9455,3.9662219661549947
9456,3.881944472592066
9457,4.186262174876514
9458,4.167381561102091
9459,3.8649023479558178
9460,4.095131156731552
9461,3.125348628442898
9462,4.262864795689829
9463,3.8694524885311936
9464,4.146126713082076
9465,4.136711585008602
9466,3.416005562084867
9467,4.0887237872541435
9468,4.2080368963415635
9469,4.03352275950868
9470,3.8467727163692707
9471,3.132530126049219
9472,4.180505647784083
9473,3.657370879580582
9474,4.289393911458331
9475,3.5773361020008245
9476,4.392201487346999
9477,4.562372584923696
9478,3.219051285367156
9479,3.780445670719083
9480,4.096744054281225
9481,3.0742453699550447
9482,4.257030693782296
9483,3.8581166217093363
9484,4.573081364198562
9485,3.7990221928505585
9486,4.251017807734895
9487,3.2168207266662137
9488,4.307275376145935
9489,3.654726578913743
9490,4.32421863459568
9491,4.161249976392959
9492,3.7457759511520816
9493,3.7491359099815456
9494,2.8463031117383117
9495,4.505261788182619
9496,3.3453061379719977
9497,3.9091060111449623
9498,4.083801434499674
9499,3.1386758339354017
9500,3.6987250658551845
9501,3.880533805694834
9502,4.249829487136308
9503,4.228013939066636
9504,3.8098163938826315
9505,4.684333045122936
9506,3.5821147035877976
9507,3.815249332210016
9508,3.613854130446709
9509,3.4929616691756666
9510,4.031362846699564
9511,3.862892315522951
9512,4.029472951192771
9513,3.9436468180620956
9514,3.7611712092187792
9515,4.150810687746033
9516,4.220721432114051
9517,3.134963389661346
9518,3.8629865934094374
9519,4.034211550759338
9520,3.9698170049317345
9521,3.8259149571042697
9522,3.8873332448208635
9523,3.6180416630085386
9524,3.7397776510918312
9525,2.7335552576933173
9526,3.6895397105026415
9527,3.563354037699013
9528,3.1901355583390116
9529,3.8317878185264522
9530,4.249739472616227
9531,4.067925707444121
9532,3.073182247987689
9533,3.4022088498246457
9534,3.1923110418155507
9535,2.9467688404907726
9536,4.141051295147145
9537,3.780011797999785
9538,4.045338901869327
9539,3.8029519747010134
9540,3.00575739623891
9541,3.3919573648696204
9542,4.423063451532823
9543,3.68361326257605
9544,3.197589232156631
9545,3.846001066089954
9546,4.149188941176053
9547,3.493729900527913
9548,4.176781456152802
9549,3.237884656123882
9550,4.310528564821745
9551,3.634024695609835
9552,3.8724613041052396
9553,4.5378810890241486
9554,3.6730708086389967
9555,4.07469140586672
9556,3.3691482423681314
9557,2.9190213814834767
9558,3.6884446085907046
9559,4.168676037973086
9560,3.2459869571571214
9561,4.5418204267566855
9562,4.171282344173131
9563,4.224971892341434
9564,3.275378667151831
9565,4.540367326183588
9566,4.43703810223601
9567,3.7874207093023133
9568,4.13875875520288
9569,4.1668436326194325
9570,3.967627941299663
9571,4.154786315865843
9572,4.0079925445646545
9573,3.5121618817966684
9574,3.7869477849591258
9575,4.193935521528003
9576,4.3464668542609814
9577,4.1085310879439545
9578,3.681060767175141
9579,4.04793341468242
9580,4.455679854007693
9581,4.2697283467774945
9582,3.5168116146269237
9583,3.9660669538015134
9584,3.609835431309829
9585,4.282824629616335
9586,3.5303981146014087
9587,3.6250177964518886
9588,3.6224822544946953
9589,4.256106404803799
9590,4.426906520498474
9591,3.4490265760595586
9592,3.5651106583694907
9593,3.8630491102922684
9594,3.8382398566492246
9595,4.063602700149015
9596,4.0124979161736345
9597,3.907945063495862
9598,3.7998221675571435
9599,2.873318372757522
9600,4.4758518685933035
9601,4.4700274925608285
9602,4.237068538295505
9603,4.315336250282946
9604,3.3520080970052835
9605,3.7960370639250134
9606,4.236717556964461
9607,3.87266769813485
9608,3.499952795419363
9609,4.043075017376059
9610,3.8047102783703837
9611,3.764623002754363
9612,3.6392627358934204
9613,4.26828147744949
9614,3.9439339084149965
9615,4.067314744649246
9616,4.076129579747013
9617,3.5476639060308695
9618,4.00964054371614
9619,3.8092644019079684
9620,3.869622161415102
9621,3.9868554310388418
9622,3.229993837195703
9623,4.228762815253928
9624,4.332945667072647
9625,4.246076421022791
9626,4.352294530763586
9627,4.315540786509197
9628,4.092166092990406
9629,3.605719549570319
9630,3.450447410109424
9631,4.148813040953558
9632,3.895276229179204
9633,3.9938999685788876
9634,3.6670819445360223
9635,2.954855784331593
9636,3.651075016896881
9637,3.3347084156403493
9638,3.9798680018572337
9639,4.074259363586633
9640,4.292262931282054
9641,4.504992523385
9642,3.785712654788615
9643,3.785026253428229
9644,4.275161153922668
9645,3.232514631867757
9646,4.232014212229995
9647,3.610060853475381
9648,3.870219780371349
9649,4.660356467290288
9650,3.6470411243498475
9651,4.198294572022026
9652,4.199806345889847
9653,3.7941358494386077
9654,3.7989074701565735
9655,3.816600310039371
9656,3.827970386555916
9657,4.184796685158442
9658,4.195895695893877
9659,3.882221316035231
9660,4.194023032139455
9661,4.408305435004495
9662,4.243261912474847
9663,4.105282813027457
9664,4.119894964546524
9665,4.173851035267398
9666,4.124693768327398
9667,3.724162777745549
9668,4.2910336347268805
9669,3.9677206933884355
9670,3.808985267458735
9671,3.7286466137995964
9672,3.412085367361418
9673,4.183367599148584
9674,3.929882670494728
9675,3.6025896740946517
9676,4.215122487473416
9677,2.93451332299128
9678,4.380323643698312
9679,3.8863355769781065
9680,4.15658106442553
9681,4.266023386930674
9682,3.652802628698373
9683,4.60079375358875
9684,4.362292152391469
9685,4.008652942329408
9686,4.151872868411073
9687,3.730872158082526
9688,4.404701222555458
9689,3.9618957904515586
9690,3.171757728813883
9691,4.156905401837582
9692,3.8130509675592186
9693,4.102891612897792
9694,4.126127952937669
9695,3.697582961031507
9696,3.5552116553584887
9697,4.821385866027093
9698,3.9731595567969893
9699,3.7807127293600136
9700,4.715696092053687
9701,3.8098874953902544
9702,4.1613385309853665
9703,3.6025215801008477
9704,2.8612457365144293
9705,4.546168296446207
9706,4.228708444021148
9707,4.229443734895074
9708,3.6953142882706045
9709,4.215156076152448
9710,4.058909205396687
9711,4.383717162951947
9712,3.0556910555516024
9713,3.909435004129471
9714,3.3775974789316416
9715,3.7175709443394003
9716,3.8655783942721826
9717,3.7460991643151154
9718,3.4575745409431295
9719,4.568973407906817
9720,3.983539964975486
9721,4.245136647903685
9722,4.20107230686829
9723,3.44624809806966
9724,4.268579551786625
9725,3.741893692578532
9726,3.4486715206341203
9727,3.021537081745342
9728,3.362095548057097
9729,3.2178910175596878
9730,3.8717222001984806
9731,3.93827742754992
9732,3.916527687541975
9733,3.9088815788131708
9734,4.04128219423162
9735,4.18699279618384
9736,3.824705989507745
9737,3.853067648622375
9738,4.004370092801637
9739,3.8408495087721866
9740,4.678274985490972
9741,4.039821504145103
9742,3.421837191406831
9743,3.5448527560573693
9744,3.8089298982204864
9745,4.151736371863448
9746,3.794896314295611
9747,3.59464843515742
9748,4.449657784498696
9749,4.279634290244883
9750,2.7550310161599976
9751,3.6071162482718866
9752,4.1782674209103146
9753,3.6748411102886704
9754,4.535531062311809
9755,3.6521429563824896
9756,4.335136306732911
9757,4.304949228958308
9758,3.818101591299554
9759,4.041586394016669
9760,4.080619035561895
9761,4.360384560675081
9762,4.448882940310664
9763,4.736135336752373
9764,3.827424257044374
9765,3.878534430814538
9766,3.388796317048566
9767,4.188432860805859
9768,4.016723361307536
9769,3.4442726464462505
9770,4.198631764069262
9771,4.014928065085892
9772,3.778315065689089
9773,3.4038055639532945
9774,3.384750156451327
9775,3.214069386232791
9776,4.1081594116220135
9777,4.0806465227032565
9778,3.984025888019952
9779,4.415126533986535
9780,3.5530384110594073
9781,4.111038054151615
9782,4.041783525882154
9783,3.676538852616365
9784,3.9637608743046586
9785,3.973916081149979
9786,3.408552334880431
9787,3.3402813897747676
9788,3.474327960983813
9789,4.7187878539399515
9790,3.919243681872977
9791,3.4651123698730877
9792,3.826509084800378
9793,2.9685033105268492
9794,3.9289912597496763
9795,4.153984920579962
9796,3.469207339975028
9797,3.03912576604267
9798,4.38233272944131
9799,3.9174213584867172
9800,3.7718455627606984
9801,3.582134056114891
9802,4.305432466790154
9803,4.41870979828257
9804,3.875388739305745
9805,3.724129752282303
9806,4.502374556649267
9807,4.486940039144643
9808,4.3061759824106485
9809,4.264841398257285
9810,4.232922179152148
9811,3.6398845371167385
9812,4.642908907836206
9813,3.827545846533514
9814,3.7377972871197427
9815,3.754514743337795
9816,3.872978303818608
9817,4.1269246303764255
9818,3.7771157412293914
9819,4.147643113203232
9820,3.8019934005981897
9821,3.9621647507550724
9822,4.0736680796567075
9823,3.550354974786685
9824,3.3242052393801687
9825,4.003376868954499
9826,4.223477320296493
9827,4.026882528321063
9828,4.179195900456077
9829,4.149927121988315
9830,3.5808744865753654
9831,4.234104029862383
9832,4.079945154206696
9833,3.893813269876861
9834,4.5355776425496765
9835,4.492171795959632
9836,3.897830189816761
9837,3.9352888207461616
9838,4.758790345791511
9839,3.4091532498538535
9840,4.326312334537694
9841,3.2522009273264647
9842,4.032674688304273
9843,4.350486966402539
9844,4.122995644489422
9845,3.843923554120242
9846,3.6624059924597203
9847,3.523699360417105
9848,4.261343692908036
9849,4.014426042271958
9850,4.319355760905517
9851,4.272387984344357
9852,4.395344158384743
9853,3.2508483790448643
9854,3.3484438818966495
9855,3.729313821825993
9856,3.844867485343759
9857,4.214185839103214
9858,3.827608002474217
9859,4.189739053076519
9860,3.8314611514523658
9861,4.259505126668234
9862,4.290613902219948
9863,4.030786159378674
9864,3.9009302360674245
9865,3.7729658130376857
9866,3.4231230272353184
9867,3.462446328613339
9868,3.590439281399755
9869,4.173319871633497
9870,4.584340954560972
9871,4.416667999611089
9872,4.218247951359968
9873,3.5804225854823626
9874,4.224021255868383
9875,4.273536301141104
9876,3.697179193465186
9877,4.0323817450653845
9878,4.489576853522093
9879,3.9044113858401235
9880,4.2331222849397525
9881,3.884377709652962
9882,3.995578564339156
9883,3.6215629604036685
9884,4.294134564344659
9885,4.056934054874835
9886,3.8331030856118775
9887,4.2453144476140166
9888,4.0021464476302455
9889,3.8145911995215545
9890,4.433791695950341
9891,3.370120578622158
9892,4.092127132706037
9893,4.317283065036158
9894,4.008529746786669
9895,4.107616237014396
9896,3.840648219380409
9897,3.9839465943895163
9898,3.5039285923551327
9899,4.290899194988416
9900,3.5397480002470476
9901,3.7099426046640307
9902,3.0335172085714315
9903,4.130899026115911
9904,3.1171148016998504
9905,4.048542882194142
9906,3.9981087811886122
9907,4.249470815206883
9908,3.9797605702568712
9909,3.7914195523486587
9910,4.557261542183591
9911,3.4925184793078645
9912,4.582448726503623
9913,4.408000259967827
9914,3.6818570594248228
9915,4.243233939156307
9916,4.051709584315148
9917,3.3000182797488766
9918,3.8255021339299295
9919,4.172568136149507
9920,3.805310253221159
9921,4.084642200918667
9922,3.6477552585274493
9923,4.1038810052486125
9924,3.634146770083199
9925,3.6665118514692097
9926,3.540297674749182
9927,3.869886797711791
9928,3.5967199852645
9929,3.936869099697191
9930,4.030260391224795
9931,3.845136564035559
9932,3.91664005327037
9933,3.8565122946732746
9934,3.390176777617533
9935,2.577685082227713
9936,4.0846659449191085
9937,4.378362131734061
9938,4.683108334776264
9939,3.8917373372767505
9940,4.240747622990999
9941,3.488904207907346
9942,3.8021584497134033
9943,4.110687633662799
9944,3.7599833837851553
9945,4.3557440324804
9946,3.1272060558035872
9947,4.021054666407732
9948,3.0050612570982764
9949,4.445710895401216
9950,3.5221807942450902
9951,3.353466461713511
9952,4.356327694955978
9953,3.9077516716311256
9954,3.0347494971317133
9955,4.055739205836552
9956,4.31474512225177
9957,4.188621926614137
9958,4.0018979693304795
9959,4.465261723970942
9960,3.7258233684027338
9961,4.088134430693889
9962,4.533680087966459
9963,3.1870655687418137
9964,4.113822864745444
9965,4.124830244060379
9966,4.038507685074449
9967,4.346801684168899
9968,3.9086281471041393
9969,4.684954956174591
9970,2.7139153100009366
9971,3.916066434464616
9972,4.5998469509243405
9973,3.473724578670106
9974,3.7729044437962096
9975,4.118317949167457
9976,3.963618536965822
9977,4.172648422478725
9978,3.0832884697561873
9979,3.9625388255557175
9980,4.07236531863461
9981,4.110845708393503
9982,3.828421558359709
9983,3.9980522071314217
9984,3.5556908803303258
9985,4.236519623662353
9986,3.090480973169635
9987,4.477993627596311
9988,3.2443095164135864
9989,3.043798617168012
9990,4.25093375119381
9991,3.7826418220609033
9992,3.990833115448119
9993,3.626504604690929
9994,3.4576841445225655
9995,3.8567000118812365
9996,4.007192478221886
9997,4.0734586337210335
9998,3.861401878371583
9999,3.808917621390403
10000,4.4513416535641515
10001,4.420367129127088
10002,4.02501388258726
10003,3.8226758726649375
10004,4.174269739963574
10005,3.7697452572825125
10006,4.019612772015117
10007,2.671128777134378
10008,4.166707975002373
10009,4.387512005382484
10010,3.7106051843552144
10011,3.7677650867820307
10012,3.968678930256662
10013,3.680157221059493
10014,3.6494162524652936
10015,4.45717082257646
10016,3.361405314588183
10017,3.362839276823726
10018,3.0438151259574613
10019,3.1731356652183185
10020,3.7710060180107554
10021,4.394106858187987
10022,4.423818008269177
10023,3.8527814805975296
10024,3.7220712152577744
10025,3.712629572337479
10026,4.2193365101164755
10027,3.706174270308473
10028,3.9049345988653372
10029,4.746978755888921
10030,3.8175416928877324
10031,3.888956092058426
10032,3.3808090080470863
10033,3.9929675955424235
10034,4.233434817301188
10035,4.004077991953242
10036,3.995587868780803
10037,4.427604007204399
10038,3.348912218903065
10039,4.122768731883008
10040,4.1986617732422244
10041,4.479603162497601
10042,3.9379453891396863
10043,3.969943458389718
10044,4.123724343927873
10045,4.361916809121267
10046,4.709972835858583
10047,3.62380890581306
10048,3.8324744845212693
10049,4.568015051217003
10050,3.2888649781480073
10051,4.174145653452054
10052,4.299421153023018
10053,3.9983547684195684
10054,2.7467188287117597
10055,2.9121330689025706
10056,4.349370651680472
10057,3.8716804708073274
10058,4.617281375294604
10059,3.5239312908059794
10060,4.321647418074545
10061,4.167040394501111
10062,3.856259014599478
10063,3.8767758628131985
10064,3.656498111953453
10065,3.894555716770823
10066,3.944166786476364
10067,3.5873645430561885
10068,4.0241514499666815
10069,3.8173813393179854
10070,3.6861711363742518
10071,4.174022946387254
10072,3.8790881558657913
10073,3.8959972879165177
10074,4.101468169252126
10075,3.5145409819283446
10076,3.8954169396471197
10077,4.120137618718609
10078,3.98634103850105
10079,3.9591297549033926
10080,3.8415162960401212
10081,4.22625406340747
10082,4.112228292564833
10083,3.8183125170796504
10084,3.4014370683693596
10085,3.8312105685391886
10086,4.480417565582352
10087,4.705565549635031
10088,4.226261446732322
10089,2.965168981534574
10090,3.950531645762617
10091,4.484556177324805
10092,3.6399292456690935
10093,3.8205563499878976
10094,4.32999339606351
10095,3.912116299452804
10096,3.7707800554306172
10097,3.706458333280844
10098,4.642592774359666
10099,3.276990687962989
10100,3.4495813784018243
10101,3.212707439817759
10102,4.231608477514813
10103,3.973040850540708
10104,3.9797377107204674
10105,4.019572022049974
10106,3.8939191074150954
10107,3.520899442731564
10108,4.0980865165007865
10109,3.755691618531515
10110,4.182916474194269
10111,4.150974886184256
10112,4.113116544248244
10113,4.01011724996857
10114,3.175134829856792
10115,4.48390762915725
10116,3.3625946594835794
10117,4.4860586834938845
10118,3.823378783241629
10119,3.6734553140350434
10120,3.795623917490627
10121,4.336211868603259
10122,4.059224472232274
10123,3.872922668750032
10124,3.61822497997284
10125,2.1754363918966786
10126,3.684816321913451
10127,3.7387714958142686
10128,3.858619138810126
10129,3.9322816296517753
10130,4.096231102004783
10131,4.277050342419348
10132,4.236804034114607
10133,3.7148582184739456
10134,2.954971458031315
10135,3.9811456370060534
10136,4.230090450430479
10137,3.4026668224865095
10138,3.921406916068429
10139,4.153015204398948
10140,4.47351354990567
10141,3.9049810881744635
10142,3.168107246194153
10143,4.483572794590695
10144,3.917021432543513
10145,4.078460748092863
10146,3.9826265151861118
10147,4.377733768506661
10148,3.9017580481095533
10149,4.1461083824577845
10150,3.457003568023864
10151,4.37880189083688
10152,3.84510824452231
10153,3.8670046830524805
10154,4.217270847496997
10155,3.6287947564154006
10156,4.025846947456677
10157,4.061369553056635
10158,4.169314794202565
10159,3.89999707868929
10160,2.8135315207616913
10161,4.211772080967467
10162,4.328329775609034
10163,4.143020088989344
10164,3.2779295246131372
10165,4.817060717791482
10166,3.5652790667047416
10167,3.1633391168455516
10168,3.630411130372421
10169,3.2359876816465007
10170,3.7580399145491508
10171,3.8268026943707616
10172,3.704331897923323
10173,4.326893042298071
10174,4.096889887293042
10175,4.063896473213372
10176,3.5479339866610853
10177,4.1131497096949055
10178,3.5820039323720416
10179,3.7453515519645384
10180,4.265622113485142
10181,4.046048917028579
10182,4.373236682841428
10183,3.736790585490621
10184,4.160574844363608
10185,4.436844400291062
10186,4.336969216015226
10187,4.006788542492044
10188,3.95616952306877
10189,3.853428609337732
10190,4.320198909607452
10191,3.90702953228883
10192,3.8010405580949826
10193,4.271168275223855
10194,4.2115124461742655
10195,4.267148458395526
10196,4.058700994916855
10197,4.506198619264594
10198,3.703578728588175
10199,3.9475450149634184
10200,4.606410701080649
10201,4.1621266725578305
10202,3.7765980252375617
10203,4.251445561633991
10204,4.417240390342844
10205,3.9412831888202575
10206,3.590732618202774
10207,3.8695726086791127
10208,4.471800481046122
10209,3.1578035788661856
10210,3.317993159452796
10211,3.884364504024424
10212,4.279424214099427
10213,4.2884624545075605
10214,3.9724038695347876
10215,4.100541523622149
10216,3.7353716497368037
10217,3.7134426506364377
10218,4.381855967413898
10219,3.7415774207145
10220,4.034006444720846
10221,3.9004406659303332
10222,4.085164682648785
10223,3.736009112590525
10224,3.443231091159789
10225,3.7888893738616916
10226,3.776974145251226
10227,3.6813390706051687
10228,3.5700974658467532
10229,3.857703143076499
10230,4.042549883438395
10231,4.082960317895204
10232,4.190251847441144
10233,3.6812028158768397
10234,3.8637607087427486
10235,3.381266933316866
10236,4.4651763782265785
10237,3.407404483543293
10238,3.9241295723255023
10239,4.340669093449177
10240,3.1873945829110424
10241,4.438325929786829
10242,3.9393716650567363
10243,4.058954888796422
10244,3.8138887996273394
10245,4.246446408968524
10246,4.574903154410999
10247,4.492687156343972
10248,3.9637660695249437
10249,4.014776620691714
10250,3.3747201268140095
10251,3.7267608775275076
10252,4.150978235048628
10253,4.073324286043591
10254,3.7853088128844417
10255,4.253876954666099
10256,3.92626219204308
10257,4.365243729215514
10258,4.304140498162304
10259,3.9492741798915256
10260,4.0367167825463435
10261,3.6175582112496953
10262,3.6914910531022986
10263,3.298144837668831
10264,4.160636417359116
10265,3.7728919263315053
10266,3.8581330662861815
10267,3.8333035732482315
10268,4.1382798717287805
10269,4.28217268447431
10270,3.2734128463512655
10271,2.8828037384890637
10272,4.043340571483806
10273,3.996338912811534
10274,3.779014346893215
10275,3.7672975433612703
10276,4.373879242808221
10277,4.636199837252605
10278,4.205065202916102
10279,3.9746720573248484
10280,4.133220917738415
10281,4.419904793937139
10282,3.898656430921979
10283,3.891982258942158
10284,4.128404648939108
10285,4.60584447031636
10286,4.394017354683117
10287,3.3181559520545023
10288,4.03561689646589
10289,4.284782297147602
10290,3.586818764654218
10291,4.053837021976111
10292,3.9921284870295235
10293,3.7109529327103004
10294,3.9829044579563315
10295,4.393660570700385
10296,3.941263145041362
10297,3.523464204140861
10298,3.398626429340011
10299,4.237681190278273
10300,3.7227578361228217
10301,4.252449130609153
10302,4.095667931519875
10303,3.410324923401764
10304,4.238442490442919
10305,4.338128661121778
10306,3.3637198941673625
10307,3.6454936439379977
10308,4.095810985471985
10309,4.026860968595443
10310,2.9762763892431536
10311,3.879575700955725
10312,3.5605869938436157
10313,4.1086229547834
10314,4.434282460041457
10315,3.9854094608831088
10316,4.096746572772574
10317,3.8507485381193516
10318,3.6301140947487394
10319,4.394163935732546
10320,3.9703468900331904
10321,3.814365273520497
10322,4.3195053267358725
10323,4.274039573340684
10324,4.334734901705796
10325,4.068912376430452
10326,3.739099715255781
10327,3.643420542798124
10328,4.19125618922373
10329,3.46900939188702
10330,3.94606812727982
10331,3.9151765839467205
10332,4.039335192273611
10333,3.8458879335525165
10334,3.9383464598199938
10335,4.386969970110759
10336,3.887943911252909
10337,4.441238881464743
10338,2.8751137875317303
10339,4.4520615523874865
10340,3.8819564666387065
10341,4.561101430014217
10342,3.776118283516762
10343,4.361858077816645
10344,3.1410610032877138
10345,3.401949089343536
10346,3.86088697484694
10347,3.9433658595809455
10348,3.243007480108908
10349,4.079164629966307
10350,3.494919849023193
10351,3.2103280867349917
10352,3.9818893724787277
10353,3.604118562811419
10354,4.306724454981205
10355,3.567308024795832
10356,3.172131878385294
10357,3.8244898780660646
10358,4.4027562641091125
10359,2.931665355960107
10360,4.178263282331096
10361,4.144814019014247
10362,3.4703722845730884
10363,3.6857322997731155
10364,3.9884865773959968
10365,3.8034041890090564
10366,2.8703533837493467
10367,3.1345346211270804
10368,3.466735958654246
10369,3.905413089224584
10370,4.0880793816355
10371,3.797673126406466
10372,4.341207071104562
10373,4.2304647839517875
10374,3.738151988334381
10375,4.048327633916444
10376,3.915665149379773
10377,4.259618682824589
10378,3.400371362396871
10379,4.210662512052259
10380,4.107173955526729
10381,4.686678112358499
10382,4.147206309949863
10383,4.021810469541312
10384,3.7139192069369713
10385,4.093352539292116
10386,3.3985802564373717
10387,4.650208810064453
10388,3.8851972029382043
10389,3.9603396291916635
10390,2.878777706690252
10391,2.5635509060948034
10392,3.618195144071052
10393,4.124424217157808
10394,4.201356097554684
10395,3.9150112228721388
10396,3.9550941372394655
10397,4.231836673827754
10398,2.7332667313000356
10399,3.580398854957161
10400,3.5193292321066614
10401,4.712651480207886
10402,4.255315368023733
10403,4.651315270619694
10404,4.459931011826348
10405,4.297142273255711
10406,4.252851571469498
10407,3.5212619770409224
10408,3.4975936271811983
10409,4.224541622108081
10410,3.65046790693956
10411,4.008896330089703
10412,4.2143064761172395
10413,3.3416779063545374
10414,4.1520279459558695
10415,3.807653495461083
10416,3.742611561827483
10417,2.909427115082843
10418,4.2944381123679545
10419,3.7015211676228925
10420,4.060556581056064
10421,3.9139564121272934
10422,3.501620467469219
10423,3.5880547562472387
10424,3.8524865091749416
10425,3.5870248198521324
10426,3.5513414831330383
10427,4.436298503681222
10428,2.7888522144863903
10429,4.080338013590549
10430,3.8751702195340028
10431,3.6172157222316326
10432,4.354351311565226
10433,4.089170056608426
10434,4.25086487963206
10435,4.226072978724861
10436,4.289864075621611
10437,3.900483064885807
10438,4.229150350289115
10439,3.904172114217562
10440,3.7200165457880208
10441,3.95473584368795
10442,4.073997420944351
10443,3.8413430185383044
10444,3.48815072366291
10445,4.051084105759946
10446,3.8434203780600833
10447,3.6275800940757765
10448,4.255253829525176
10449,4.382526369151816
10450,4.196252505205386
10451,3.486315542347349
10452,4.0477088367685905
10453,3.634098873788969
10454,4.769812558400113
10455,3.9086263616673174
10456,4.394431751162856
10457,4.50740265412613
10458,4.544081961242229
10459,4.107091574184093
10460,4.673442399426071
10461,4.030337761554368
10462,3.6868770322411586
10463,4.24651520726805
10464,3.0901853747283488
10465,4.182775780411373
10466,4.1942213427965145
10467,3.8658600848984563
10468,4.019577379148634
10469,3.8165446628334494
10470,4.269532405605391
10471,3.447106671496198
10472,4.348944479593132
10473,4.360064542310167
10474,3.5694966587493524
10475,3.957787542711107
10476,3.80262112192645
10477,4.445482755684316
10478,4.046842283341782
10479,4.582309938980531
10480,3.7850584890905963
10481,4.21715813181823
10482,3.980898356035184
10483,4.309967755955013
10484,4.340415317376307
10485,3.898917123561665
10486,3.816686802283727
10487,2.978614571628822
10488,3.89442767889593
10489,3.8724360960342032
10490,4.034607552357923
10491,4.02600323759613
10492,4.028490789158719
10493,3.5803135558045214
10494,3.7687991470906326
10495,3.9122682689691444
10496,4.215967934438119
10497,4.1368463138102705
10498,3.89948550807626
10499,3.744495394303327
10500,4.339142889058886
10501,3.751969203181241
10502,4.158353485214211
10503,4.286363804293059
10504,4.405542578369423
10505,4.503142859140857
10506,3.529879628111954
10507,4.1897231281973175
10508,4.221931873426692
10509,3.4545103977068656
10510,3.5370654343403753
10511,3.58955966374099
10512,4.3726328062038915
10513,3.2769443571471584
10514,3.8376553386425223
10515,4.244377076517029
10516,4.007020816615005
10517,4.377565299914112
10518,3.9775610939815462
10519,4.204352342172936
10520,3.7911293183775574
10521,4.4998983827233685
10522,4.318468961548622
10523,3.9205386608215385
10524,4.2088400637943035
10525,3.7976726725335737
10526,4.027142188749349
10527,3.365947107581666
10528,3.8126660072431147
10529,3.3839798572382076
10530,4.36963198991651
10531,4.1906478700883225
10532,4.2102853854742355
10533,3.179743550794534
10534,4.301918098172696
10535,3.5326462967853627
10536,3.751668694826274
10537,3.661567754569326
10538,4.034966731595864
10539,4.737798569554193
10540,3.9858693456198178
10541,3.3283001804858805
10542,4.058939824689112
10543,4.122006494971104
10544,4.327007087716807
10545,3.590402558899385
10546,4.315131771151476
10547,3.8429172560051863
10548,4.065866722967389
10549,3.8004823383922415
10550,4.29006933720102
10551,3.687703627534959
10552,3.9698243659909838
10553,3.955000853852706
10554,4.164517999647212
10555,3.6697082057155046
10556,3.5380388243048055
10557,4.190378787748376
10558,3.254275678619011
10559,4.275404779322733
10560,3.3294392451056307
10561,3.661072681887887
10562,2.616511739218159
10563,3.0733845874518275
10564,4.1741837851068295
10565,3.336672642625893
10566,3.122178513059364
10567,4.255654443383064
10568,4.246062473390355
10569,3.803597905535983
10570,3.1767408377141075
10571,3.291330596026222
10572,4.218438560050917
10573,4.132309996568538
10574,3.7626670784575875
10575,3.724424981060323
10576,3.8714528906620473
10577,4.448432344080338
10578,3.118421335178438
10579,3.622446967419789
10580,3.471920843475114
10581,3.5752864335831
10582,3.540396533986018
10583,3.6098186968580754
10584,3.636154145100462
10585,4.111883077820842
10586,3.769425431556557
10587,4.090933084716514
10588,4.146066631912167
10589,3.868893297928436
10590,3.9070626570082774
10591,4.359621572623302
10592,3.814687647073695
10593,3.7645864072402593
10594,4.35443267762058
10595,4.509340449380223
10596,4.0116964009720935
10597,4.126241955849488
10598,3.4812779309361734
10599,3.7252716494930844
10600,4.118343003087404
10601,4.159592074855683
10602,4.3946098759827725
10603,3.79160953353358
10604,4.138255073840736
10605,4.127645792424804
10606,3.5868753701690266
10607,4.200089078860875
10608,4.230795014253679
10609,3.696078400657038
10610,4.289040965596605
10611,3.8186410582984074
10612,4.549876449190997
10613,3.3712893126562684
10614,4.26940156353045
10615,3.9180092261308017
10616,3.1182159695087264
10617,3.5345786840296833
10618,3.8120215255752856
10619,3.3638346546684255
10620,4.485659698779864
10621,4.152502631529651
10622,3.8617532845550975
10623,3.461068925975776
10624,3.4253147942646636
10625,4.02402070780807
10626,3.5159683378819784
10627,4.131054513491799
10628,4.384543145461109
10629,3.944571538203451
10630,4.3014090241840215
10631,3.274339251079323
10632,4.191354561901033
10633,4.296753168021687
10634,4.647508730937139
10635,4.052165751980398
10636,3.4872183379843116
10637,4.4506236330594895
10638,4.008387854983028
10639,2.9766254806240475
10640,4.091170891967405
10641,4.056549896101482
10642,3.336905706943392
10643,3.7044580321258156
10644,4.2534079069106525
10645,3.9951961102313005
10646,3.779775696828844
10647,4.423547964655553
10648,4.084402336339016
10649,4.018455671762823
10650,4.1692983328775775
10651,3.962675663048033
10652,3.719689590964819
10653,3.8584146468480145
10654,3.056263092012379
10655,3.430363788106069
10656,4.298634708427081
10657,3.644400122208556
10658,4.093863614991365
10659,3.592672438766383
10660,4.11292076117503
10661,3.660105512647146
10662,3.5919207052328117
10663,4.221821620719232
10664,4.124373567857365
10665,3.0563035899661517
10666,3.8007669583730186
10667,3.9611783794301325
10668,3.901544573595593
10669,2.476845502828525
10670,4.369196408519192
10671,3.3473192913017797
10672,3.9400035526353423
10673,3.947510308712768
10674,3.7856359020503945
10675,3.885171459290949
10676,3.413013186309407
10677,4.743813668251529
10678,4.372055317296175
10679,4.003865187907308
10680,3.5323175198875214
10681,4.232951815943861
10682,3.6135942830789127
10683,4.274209532826815
10684,3.8761087220716846
10685,3.8330585884225936
10686,3.383033288697
10687,4.080676861582601
10688,2.512275553146256
10689,3.3563315527766924
10690,3.195543753679658
10691,4.411387872099881
10692,4.473926999161733
10693,3.7413180014195393
10694,3.079249734757425
10695,4.113133390275099
10696,3.999926996648281
10697,3.9840109228844174
10698,4.041169113910683
10699,4.511519126995313
10700,3.6526119686874923
10701,4.170848262376432
10702,4.2211824841015355
10703,4.201462029596181
10704,3.9633565207631056
10705,3.748427173843483
10706,4.190536272545223
10707,3.9382643548268375
10708,3.8795092401407136
10709,4.54638235589609
10710,3.7052599701325692
10711,3.7187373775497257
10712,2.8119530711191643
10713,3.754121612883872
10714,4.210531948318313
10715,4.156070491316331
10716,4.64546995721853
10717,3.8608676680093432
10718,3.747166714861839
10719,4.102313548374661
10720,3.847203680849559
10721,3.8877438094891335
10722,4.176237419081262
10723,3.7382489102175565
10724,3.0481068555123794
10725,4.027413515023701
10726,4.537067990606325
10727,3.8521715654367004
10728,4.161116242131172
10729,3.7177408401677314
10730,4.188523769227088
10731,4.08636244752453
10732,4.465908019930542
10733,3.1795406533210895
10734,3.7823242738972107
10735,4.22525256589453
10736,2.980935362438631
10737,3.636016874016139
10738,4.186588297396826
10739,4.423451099833374
10740,4.048234705110156
10741,3.387447925294248
10742,3.784790811548467
10743,3.8001471478775937
10744,4.519957733147672
10745,2.7670645664075906
10746,4.236097289434288
10747,3.9535708317162883
10748,3.9844702323994667
10749,3.86042630836547
10750,3.9826437806504855
10751,3.9574224807425447
10752,4.258153356995744
10753,4.4148451276173395
10754,3.9046946757158456
10755,3.869522855489209
10756,4.141700582552966
10757,4.147404722275668
10758,3.5975646783803845
10759,4.0976768748990935
10760,3.6596430883465763
10761,4.150362180892282
10762,3.3639586780114583
10763,4.125026509807183
10764,4.429916413817647
10765,4.033055113961853
10766,3.789668829277134
10767,4.42566145394674
10768,4.675496483108925
10769,4.074754850811817
10770,2.5685604308940224
10771,4.398592191167215
10772,3.182738793568687
10773,4.250094721686667
10774,3.5865915311543293
10775,3.6178253482310425
10776,3.689165118553705
10777,4.390815389793572
10778,4.10998498129652
10779,3.2340837308360073
10780,3.7788866571335684
10781,3.6286585712164987
10782,3.7576979335323086
10783,4.470022071274527
10784,3.86782996251164
10785,3.7095856051435665
10786,3.991772188583541
10787,4.309370486073967
10788,4.0843222933746635
10789,3.5033659320890895
10790,4.099965587289235
10791,3.5228710457858208
10792,4.24168296804237
10793,3.6094375028659065
10794,3.7331372612634834
10795,4.126815883716889
10796,3.738468725346299
10797,3.146664645423521
10798,3.962304992359766
10799,3.8415786918296857
10800,4.532833582051857
10801,3.649369486603647
10802,3.5141226596797006
10803,3.914594825257059
10804,3.6754628025882115
10805,4.111077764423406
10806,4.081959597188756
10807,3.7975218547044967
10808,3.474514937840045
10809,4.18538987621283
10810,4.081577912176078
10811,4.342350875155552
10812,4.4641543145043165
10813,4.327105479746591
10814,4.01513641650455
10815,4.412000130376504
10816,4.412986449448794
10817,3.64611694780972
10818,2.9893603013545156
10819,4.036672890506453
10820,3.733378658960645
10821,3.5040980089541236
10822,4.271950528097442
10823,4.454813246811887
10824,4.763899745817891
10825,3.9643015047414503
10826,3.903550376344338
10827,3.7682245236174294
10828,3.57798297843294
10829,4.188530756302997
10830,3.641670683808338
10831,3.714330431418897
10832,3.9781621072585853
10833,4.240691555742101
10834,3.0641032531939536
10835,3.6070175885760904
10836,3.8272750927721937
10837,4.061959975024646
10838,3.5039932955531974
10839,3.66876114655413
10840,4.151561905756058
10841,4.054495397628131
10842,3.887215235978678
10843,3.7381948770637163
10844,4.403580857125312
10845,4.007763236854646
10846,2.725221482452336
10847,3.709512137977066
10848,3.5138899668583123
10849,4.183824762679165
10850,4.237558817975533
10851,3.689482801911513
10852,3.667066149470832
10853,4.512421466267394
10854,2.823568383925209
10855,3.760540548850434
10856,4.532061107322388
10857,4.1147836467774015
10858,4.329416275606597
10859,3.7376213776823484
10860,3.952780975345621
10861,4.312528290346476
10862,3.884734042147679
10863,3.7324485009300727
10864,4.199698202759314
10865,3.72704567621139
10866,4.445362872106076
10867,4.07038793539306
10868,3.526096173168135
10869,3.531165172481796
10870,4.110841031850792
10871,3.0088328173877708
10872,3.7165344354938736
10873,4.3852025690117955
10874,3.5658880142027582
10875,4.400202250854916
10876,3.7125880208087807
10877,3.824324141034492
10878,4.5953300315722005
10879,3.8444673805979854
10880,4.155850151330405
10881,3.8389741580156103
10882,3.950412918126248
10883,4.30536932462513
10884,4.133169832770705
10885,4.038387736343162
10886,4.010909057830417
10887,3.5076594993976338
10888,3.607655607548187
10889,4.237948653187975
10890,2.959792887625737
10891,4.454718686388786
10892,4.391861615266731
10893,4.2496713857386075
10894,4.075569081863686
10895,4.5343034037627366
10896,4.1480103575296035
10897,3.9502124392012785
10898,3.776577281950496
10899,3.5579707860781515
10900,3.8900595538705107
10901,4.41170163884494
10902,4.286245667803136
10903,3.7491081387914997
10904,3.656232088301486
10905,3.7663783347204416
10906,3.666226590759677
10907,3.649526335244582
10908,4.129459465169846
10909,3.7975419021723336
10910,4.754482165069446
10911,3.887650194529021
10912,3.620039186726381
10913,3.9565696871462976
10914,4.39850527050001
10915,3.615102153094656
10916,4.003705264646079
10917,4.50688484067907
10918,3.6585530530427026
10919,3.6162898820694047
10920,3.8609205281962815
10921,3.4413632365841385
10922,3.8690699845574588
10923,4.240560821306981
10924,3.9639092508812763
10925,4.153595034839117
10926,2.761283427621901
10927,3.909946727202719
10928,3.7686826494520758
10929,4.229235666365156
10930,4.037476726618905
10931,4.136238531583474
10932,3.88295379901027
10933,3.457964203205859
10934,3.971259189332261
10935,3.2988120856769814
10936,3.863081776745751
10937,3.747512557962333
10938,3.057322573806365
10939,4.531474043040561
10940,3.816947478881311
10941,3.783122169938387
10942,3.6582542394929694
10943,3.8131916993795962
10944,3.2177569590458375
10945,2.7153684409704306
10946,4.160845890657655
10947,4.337532134539057
10948,3.9552087536854414
10949,4.36554366023466
10950,4.257044652469939
10951,3.720303259770581
10952,4.081303811417177
10953,3.514975149849844
10954,3.7889081063993055
10955,3.640966465695459
10956,3.7831055894467394
10957,3.7927667101141376
10958,4.455944062839753
10959,4.165853541631997
10960,4.02128888356318
10961,4.043228488023686
10962,4.2076859140336484
10963,3.5745930058276505
10964,4.217197183341727
10965,3.624491229898014
10966,4.037764614854483
10967,3.857930140020295
10968,4.762081683978277
